{
  "best_model": "RandomForest",
  "train_samples": 960,
  "test_samples": 240,
  "feature_importances": {
    "screen_time_hours": 0.5022,
    "social_media_hours": 0.1983,
    "gaming_hours": 0.0504,
    "unlock_count": 0.2459,
    "night_usage": 0.0033
  },
  "models": {
    "LogisticRegression": {
      "model": "LogisticRegression",
      "accuracy": 0.9833,
      "precision_macro": 0.9651,
      "recall_macro": 0.9846,
      "f1_macro": 0.9744,
      "cv_f1_mean": 0.9705,
      "cv_f1_std": 0.0109,
      "confusion_matrix": [
        [
          152,
          2,
          0
        ],
        [
          0,
          58,
          2
        ],
        [
          0,
          0,
          26
        ]
      ],
      "classification_report": {
        "High": {
          "precision": 0.9285714285714286,
          "recall": 1.0,
          "f1-score": 0.9629629629629629,
          "support": 26.0
        },
        "Low": {
          "precision": 1.0,
          "recall": 0.987012987012987,
          "f1-score": 0.9934640522875817,
          "support": 154.0
        },
        "Moderate": {
          "precision": 0.9666666666666667,
          "recall": 0.9666666666666667,
          "f1-score": 0.9666666666666667,
          "support": 60.0
        },
        "accuracy": 0.9833333333333333,
        "macro avg": {
          "precision": 0.9650793650793651,
          "recall": 0.9845598845598845,
          "f1-score": 0.9743645606390704,
          "support": 240.0
        },
        "weighted avg": {
          "precision": 0.9839285714285714,
          "recall": 0.9833333333333333,
          "f1-score": 0.9834604212055192,
          "support": 240.0
        }
      }
    },
    "RandomForest": {
      "model": "RandomForest",
      "accuracy": 0.9833,
      "precision_macro": 0.9711,
      "recall_macro": 0.9773,
      "f1_macro": 0.9741,
      "cv_f1_mean": 0.9624,
      "cv_f1_std": 0.0082,
      "confusion_matrix": [
        [
          152,
          2,
          0
        ],
        [
          0,
          59,
          1
        ],
        [
          0,
          1,
          25
        ]
      ],
      "classification_report": {
        "High": {
          "precision": 0.9615384615384616,
          "recall": 0.9615384615384616,
          "f1-score": 0.9615384615384616,
          "support": 26.0
        },
        "Low": {
          "precision": 1.0,
          "recall": 0.987012987012987,
          "f1-score": 0.9934640522875817,
          "support": 154.0
        },
        "Moderate": {
          "precision": 0.9516129032258065,
          "recall": 0.9833333333333333,
          "f1-score": 0.9672131147540983,
          "support": 60.0
        },
        "accuracy": 0.9833333333333333,
        "macro avg": {
          "precision": 0.9710504549214227,
          "recall": 0.9772949272949273,
          "f1-score": 0.9740718761933805,
          "support": 240.0
        },
        "weighted avg": {
          "precision": 0.983736559139785,
          "recall": 0.9833333333333333,
          "f1-score": 0.9834427122397228,
          "support": 240.0
        }
      }
    }
  }
}